"","V1","V2","V3","V4","V5","V6","V7","V8","V9","V10","V11","V12","V13","V14","V15","V16","V17","V18","V19","V20","V21","V22","V23","V24","V25","V26","V27","V28","V29","V30","V31","V32","V33","V34","V35","V36","V37","V38","V39","V40","V41","V42","V43","V44","V45","V46","V47","V48","V49","V50","V51","V52","V53","V54","V55","V56","V57","V58","V59","V60","V61","V62","V63","V64","V65","V66","V67","V68","V69","V70","V71","V72","V73","V74","V75","V76","V77","V78","V79","V80","V81","V82","V83","V84","V85","V86","V87","V88","V89","V90","V91","V92","V93","V94","V95","V96","V97","V98","V99","V100"
"1",0.840683112348773,1.09734745160713,1.18633410526708,0.840683112348773,1.72381406258105,-1.59187544141286,3.29115462565623,1.35406648185776,1.96043809475113,1.1660775330392,1.96043809475113,1.1660775330392,0.951201015124118,2.01895902939906,1.18633410526708,1.96043809475113,1.35406648185776,0.840683112348773,1.0115506147221,1.20388499343005,1.09734745160713,2.20966350059798,1.71288434558668,2.02906590016509,1.0115506147221,0.839857151692644,0.770747166254699,2.20966350059798,3.29115462565623,1.96043809475113,0.907742448389958,1.1660775330392,1.72381406258105,1.20388499343005,0.949351726006392,2.20966350059798,1.41105339900434,3.29115462565623,1.09734745160713,1.72381406258105,0.840683112348773,0.949351726006392,1.18633410526708,1.72381406258105,1.96043809475113,1.20388499343005,2.11986508628387,1.71288434558668,3.29115462565623,1.72381406258105,-0.815855452687522,-1.59187544141286,0.907742448389958,2.11986508628387,2.02906590016509,1.71288434558668,2.20966350059798,-1.10312772641547,-1.10312772641547,1.35406648185776,2.20966350059798,3.29115462565623,0.840683112348773,1.20388499343005,-1.59187544141286,0.840683112348773,1.20388499343005,1.35406648185776,1.72381406258105,2.02906590016509,1.71288434558668,2.20966350059798,1.20388499343005,-1.10312772641547,1.96043809475113,-0.647649584966738,0.840683112348773,1.20388499343005,2.01895902939906,0.839857151692644,0.949351726006392,0.839857151692644,-1.10312772641547,1.41105339900434,2.01895902939906,0.840683112348773,1.35406648185776,1.09734745160713,-0.647649584966738,-1.10312772641547,0.770747166254699,1.1660775330392,0.839857151692644,3.29115462565623,1.96043809475113,3.29115462565623,1.41105339900434,-0.647649584966738,0.949351726006392,0.907742448389958
"2",5.69615500743239,3.65076696997257,5.32509875706362,5.73219942207312,4.02406831716081,5.69615500743239,5.32509875706362,6.73227798698176,5.81703829037448,6.73227798698176,6.73227798698176,6.22928136711087,6.29498699991331,5.12466868493956,2.93844664036111,4.93724325845347,6.87570787523979,5.12466868493956,7.30584778686612,6.29498699991331,4.93724325845347,4.02406831716081,3.65076696997257,6.28580529637061,7.30584778686612,4.72183467103167,5.32509875706362,6.87570787523979,2.93844664036111,6.22928136711087,5.81703829037448,6.29498699991331,6.73227798698176,5.81703829037448,6.29498699991331,6.29498699991331,3.82115996006676,4.22496786198287,5.30392827196697,5.69615500743239,5.12466868493956,3.65076696997257,3.82115996006676,5.32509875706362,4.61396867767125,5.82741368807567,4.93724325845347,4.61396867767125,5.33092579860261,3.82115996006676,5.82741368807567,5.32509875706362,4.72183467103167,5.12466868493956,4.22496786198287,4.61396867767125,3.79526240644448,6.29498699991331,5.69615500743239,6.28580529637061,6.29498699991331,5.73219942207312,6.29498699991331,5.73219942207312,4.8584906163283,3.65076696997257,5.69615500743239,5.33092579860261,5.82741368807567,3.79526240644448,4.8584906163283,6.87570787523979,4.22496786198287,4.22496786198287,3.79526240644448,4.61396867767125,4.93724325845347,5.81703829037448,5.12466868493956,4.8584906163283,3.79526240644448,5.81703829037448,4.72183467103167,2.93844664036111,6.22928136711087,8.53602612166661,5.81703829037448,4.72183467103167,3.65076696997257,6.87570787523979,5.81703829037448,5.82741368807567,6.73227798698176,4.8584906163283,6.28580529637061,5.32509875706362,4.22496786198287,6.22928136711087,6.87570787523979,5.33092579860261
"3",4.41821962053681,4.54195509253202,22.7718450945399,1.80642436995533,22.7718450945399,2.85943976282344,3.85248567110876,4.54195509253202,1.12800178523061,22.7718450945399,1.64700212158374,2.10156165272122,22.7718450945399,5.80011953623446,5.26052337909826,4.54195509253202,2.66736153351823,5.12563225516152,2.66736153351823,2.03106953164295,2.18805042296142,4.07395192390373,1.80642436995533,2.42016381258512,2.18805042296142,2.47867918620138,4.41821962053681,3.11237452855275,22.7718450945399,3.64959833588526,1.12800178523061,4.07395192390373,1.70071412127008,2.03106953164295,4.6352242177133,1.80642436995533,5.12563225516152,3.64959833588526,2.85943976282344,5.12563225516152,1.12960112783487,1.80642436995533,4.6352242177133,4.54195509253202,2.85943976282344,2.03106953164295,2.10156165272122,2.47867918620138,2.10156165272122,4.41821962053681,2.47867918620138,5.80011953623446,5.12563225516152,1.99582886447446,1.80642436995533,5.80011953623446,4.41821962053681,2.18805042296142,4.41821962053681,2.42016381258512,3.85248567110876,22.7718450945399,1.99582886447446,2.03106953164295,2.10156165272122,3.11237452855275,2.03106953164295,3.64959833588526,5.80011953623446,2.85943976282344,1.80642436995533,2.85943976282344,2.03106953164295,1.12960112783487,4.6352242177133,1.12800178523061,5.12563225516152,2.03106953164295,3.68211213142607,1.12960112783487,4.54195509253202,5.26052337909826,3.11237452855275,2.85943976282344,1.99582886447446,4.07395192390373,2.47867918620138,2.85943976282344,2.10156165272122,3.68211213142607,5.12563225516152,3.85248567110876,1.99582886447446,2.85943976282344,2.42016381258512,5.26052337909826,3.68211213142607,3.64959833588526,2.47867918620138,5.26052337909826
"4",-4.23089921795404,-1.27720405224861,-2.16201997459948,-4.46156832712656,-0.989189004563126,-1.27720405224861,-3.3542032601546,-4.37914288258843,-2.66881616815787,-2.88945692389301,-8.85320605366419,-4.71003729032193,-2.66881616815787,-2.16201997459948,-4.58405886177609,-3.5333584690402,-3.84466757407415,-2.68716116234068,-2.66881616815787,-4.76457150344319,-6.33494592522309,-4.37914288258843,-4.46156832712656,-4.76457150344319,-8.85320605366419,-4.23089921795404,-6.33494592522309,-6.33494592522309,-4.58405886177609,-3.5333584690402,-3.87345939267882,-3.87345939267882,-0.989189004563126,-4.37914288258843,-4.37914288258843,-4.46156832712656,-3.87345939267882,-4.18596917026172,-1.3897595041429,-0.989189004563126,-4.23089921795404,-4.46156832712656,-2.66881616815787,-0.989189004563126,-3.87345939267882,-3.5333584690402,-4.23089921795404,-3.3542032601546,-3.40121444484147,-0.989189004563126,-2.88945692389301,-3.84466757407415,-2.16201997459948,-3.96792611512072,-4.46156832712656,-3.84466757407415,-4.37914288258843,-3.3542032601546,-2.66881616815787,-3.96792611512072,-3.5333584690402,-6.48978585954992,-2.27922577916155,-3.5333584690402,-5.74871297095872,-5.74871297095872,-8.85320605366419,-3.96792611512072,-0.989189004563126,-2.27922577916155,-4.46156832712656,-6.48978585954992,-6.48978585954992,-2.68716116234068,-4.71003729032193,-6.33494592522309,-1.3897595041429,-1.27720405224861,-3.5333584690402,-6.33494592522309,-3.87345939267882,-4.23089921795404,-4.37914288258843,-4.58405886177609,-4.37914288258843,-3.3542032601546,-2.68716116234068,-2.66881616815787,-3.3542032601546,-3.40121444484147,-3.3542032601546,-5.74871297095872,-2.68716116234068,-2.88945692389301,-3.40121444484147,-3.5333584690402,-3.40121444484147,-4.18596917026172,-4.23089921795404,-4.18596917026172
"5",4.32262871879432,7.54111263125449,6.62405749529911,8.67049235778847,6.62405749529911,7.54184787265854,8.69857541328999,3.98270543317895,7.55662352244578,6.62405749529911,6.62405749529911,7.46266519241672,6.16452173219233,7.85833455750644,4.32262871879432,6.16452173219233,7.54184787265854,6.74226648113445,6.74226648113445,6.40268351228294,6.97022261140409,8.23856770531551,8.63681219572317,7.81256494495083,8.63681219572317,7.72768633903738,3.98270543317895,7.72768633903738,7.72768633903738,8.20784320953343,7.54111263125449,6.62405749529911,6.62405749529911,8.67049235778847,6.16452173219233,6.16452173219233,6.74226648113445,8.20784320953343,6.09056043780032,4.32262871879432,7.85833455750644,6.09056043780032,6.62405749529911,4.32262871879432,8.69857541328999,8.60077064591882,6.16452173219233,7.55662352244578,7.85833455750644,6.09056043780032,8.67049235778847,6.16452173219233,8.67049235778847,8.67049235778847,8.60077064591882,11.8399583004635,11.8399583004635,-0.734615634804767,-0.734615634804767,6.97022261140409,8.23856770531551,8.67049235778847,8.60077064591882,7.54184787265854,8.23856770531551,8.67049235778847,6.09056043780032,8.20784320953343,6.62405749529911,7.54111263125449,6.09056043780032,4.32262871879432,6.62405749529911,-0.734615634804767,7.46266519241672,8.67049235778847,8.63681219572317,4.32262871879432,6.21238250851538,8.67049235778847,6.16452173219233,6.16452173219233,-0.734615634804767,7.55662352244578,6.97022261140409,11.2424556365035,6.40268351228294,7.72768633903738,7.54111263125449,-0.734615634804767,8.63681219572317,6.97022261140409,6.09056043780032,8.63681219572317,11.8399583004635,8.63681219572317,7.54111263125449,8.20784320953343,7.54184787265854,11.8399583004635
"6",-10.8405179672214,-7.60270307264127,-10.6211251540786,-12.9937742790066,-10.6211251540786,-10.7847009186403,-12.9937742790066,-10.3711324181461,-6.4850303960477,-10.6211251540786,-10.6211251540786,-12.6888509727142,-11.7053990659203,-7.066834072369,-5.86676634839341,-6.47834860273403,-9.50454160646318,-7.58829357847496,-12.6888509727142,-10.6015787223045,-11.2559887057188,-11.2559887057188,-7.58829357847496,-7.45677918096625,-12.9937742790066,-11.1599572722798,-10.8405179672214,-16.5448509227249,-12.6888509727142,-6.47834860273403,-11.2559887057188,-10.6211251540786,-10.6211251540786,-10.7663776032125,-7.066834072369,-11.1599572722798,-6.4850303960477,-5.86676634839341,-12.9937742790066,-11.2559887057188,-10.3711324181461,-11.1599572722798,-10.6211251540786,-11.1599572722798,-11.2228361566284,-6.47834860273403,-12.4342154821706,-16.5448509227249,-7.27372365000553,-10.8405179672214,-10.7663776032125,-11.2228361566284,-7.066834072369,-13.6241764390874,-7.45677918096625,-11.7053990659203,-10.8405179672214,-7.60270307264127,-10.8405179672214,-7.066834072369,-6.47834860273403,-11.7053990659203,-11.2559887057188,-6.47834860273403,-11.7053990659203,-16.5448509227249,-5.86676634839341,-7.27372365000553,-10.6211251540786,-7.45677918096625,-7.58829357847496,-10.6015787223045,-10.6211251540786,-6.4850303960477,-16.5448509227249,-10.6015787223045,-10.7847009186403,-9.50454160646318,-6.47834860273403,-13.6241764390874,-7.066834072369,-12.4342154821706,-13.6241764390874,-5.86676634839341,-5.86676634839341,-11.2228361566284,-12.0253094388946,-16.5448509227249,-10.3711324181461,-16.5448509227249,-10.7847009186403,-7.58829357847496,-7.066834072369,-7.60270307264127,-11.7053990659203,-6.47834860273403,-11.1599572722798,-13.6241764390874,-5.86676634839341,-7.27372365000553
"7",8.23424958542616,4.34829941245037,6.48268545457054,8.99527963340958,9.90014882981819,10.253488845436,8.99527963340958,11.1198530856853,11.3499824598073,8.23424958542616,10.797253357295,14.3345434811145,11.94329500042,8.7471761268159,11.3499824598073,9.90014882981819,9.90014882981819,10.711062810899,11.3499824598073,11.94329500042,10.797253357295,11.4747282024873,5.69369728283922,8.23424958542616,8.99527963340958,11.4597260756879,11.1198530856853,8.23424958542616,6.48268545457054,13.0729683881934,9.6878462044648,11.94329500042,9.6878462044648,10.7650938672671,11.94329500042,11.94329500042,10.7650938672671,8.58177326771911,8.99527963340958,8.50036609488525,11.4747282024873,10.7650938672671,8.50036609488525,11.5804011408875,8.50036609488525,8.50036609488525,13.0729683881934,5.69369728283922,11.4747282024873,10.7650938672671,11.8012998320073,10.7650938672671,10.797253357295,8.07623238812309,8.7471761268159,5.69369728283922,11.4747282024873,11.94329500042,6.48268545457054,8.07623238812309,11.94329500042,8.23424958542616,11.94329500042,4.34829941245037,13.0729683881934,4.34829941245037,10.7650938672671,8.07623238812309,9.90014882981819,10.797253357295,5.69369728283922,4.34829941245037,14.3345434811145,10.797253357295,6.48268545457054,11.4747282024873,11.3499824598073,13.0729683881934,10.1928619028923,14.3345434811145,10.253488845436,8.7471761268159,14.3345434811145,11.5804011408875,9.6878462044648,10.253488845436,13.0729683881934,4.34829941245037,11.4597260756879,10.1928619028923,9.6878462044648,10.7650938672671,14.3345434811145,11.4597260756879,9.90014882981819,9.6878462044648,10.1928619028923,10.711062810899,8.7471761268159,11.3499824598073
"8",6.71611202114807,4.51967209282373,-2.25905248729898,1.2691198284649,4.32524495612376,4.60148281338101,5.37578077461725,9.12646401109333,5.89565180299848,9.12646401109333,9.12646401109333,6.86179651601306,-0.288761740963318,-2.25905248729898,6.22338919023265,-2.25905248729898,4.60148281338101,5.40552241427305,5.40552241427305,3.68630713174731,4.8221636891495,4.8221636891495,3.68630713174731,4.51967209282373,5.89565180299848,0.667617263746253,5.40552241427305,5.89565180299848,6.13352108570985,4.51967209282373,4.8221636891495,6.22338919023265,9.12646401109333,5.14523882056506,4.91184808337263,4.91184808337263,5.40552241427305,2.07490544904113,4.2719063892591,4.8221636891495,1.2691198284649,6.71611202114807,6.13352108570985,4.32524495612376,6.71611202114807,5.89565180299848,5.40552241427305,6.13352108570985,4.2719063892591,4.54314375396349,2.98712220123258,6.13352108570985,2.98712220123258,4.51967209282373,4.91184808337263,4.91184808337263,2.98712220123258,2.98712220123258,3.68630713174731,6.13352108570985,5.37578077461725,5.05250437208619,4.8221636891495,4.60148281338101,6.13352108570985,4.51967209282373,5.05250437208619,3.68630713174731,4.91184808337263,6.22338919023265,-2.25905248729898,6.86179651601306,3.68630713174731,4.2719063892591,4.91184808337263,4.91184808337263,5.05250437208619,4.51967209282373,5.89565180299848,4.54314375396349,6.86179651601306,1.2691198284649,4.32524495612376,4.50933409862348,4.91184808337263,1.2691198284649,2.98712220123258,2.98712220123258,0.667617263746253,4.54314375396349,1.2691198284649,5.37578077461725,9.12646401109333,0.667617263746253,4.91184808337263,5.40552241427305,6.22338919023265,2.07490544904113,4.60148281338101,2.07490544904113
"9",1.0562581031255,0.866006720661598,0.217330952356454,-0.605917924154836,0.683881236284952,-0.808678827121087,3.32674245720286,1.07681447468547,0.998046814195019,1.18678238813498,2.60040069219091,-0.837939109406238,1.23731905614539,2.51879713701465,1.0562581031255,1.23731905614539,1.0562581031255,1.37457011195406,1.18877644154733,1.49295065203563,1.0562581031255,0.683881236284952,1.37457011195406,1.08008304510807,2.51879713701465,1.18877644154733,2.51879713701465,2.51879713701465,3.32674245720286,1.07681447468547,2.60040069219091,1.0562581031255,1.49295065203563,1.08008304510807,1.23731905614539,1.23731905614539,1.0562581031255,3.32674245720286,1.81999523900926,1.18877644154733,1.18678238813498,1.07681447468547,3.83964338640583,0.998046814195019,-0.837939109406238,1.07681447468547,1.23731905614539,0.0177165710457041,3.32674245720286,0.0177165710457041,-0.808678827121087,1.23731905614539,0.217330952356454,0.383127537878499,0.217330952356454,1.18678238813498,-0.808678827121087,1.08008304510807,0.0177165710457041,0.0177165710457041,0.217330952356454,3.32674245720286,0.383127537878499,0.866006720661598,1.18877644154733,0.866006720661598,0.217330952356454,2.60040069219091,0.998046814195019,1.0562581031255,1.37457011195406,0.866006720661598,2.51879713701465,-0.808678827121087,2.60040069219091,1.18877644154733,1.81999523900926,-0.605917924154836,3.83964338640583,0.793061824676341,1.23731905614539,1.23731905614539,1.18877644154733,0.934901951305983,0.383127537878499,0.793061824676341,-0.837939109406238,0.866006720661598,1.43546230111805,1.18877644154733,1.43546230111805,1.37457011195406,0.383127537878499,3.32674245720286,-0.808678827121087,3.32674245720286,1.18877644154733,1.18678238813498,1.49295065203563,2.60040069219091
"10",-0.129360024495608,1.57112838280114,3.76671862520163,0.588695722908013,0.701643449309735,-3.23569227301291,-3.23569227301291,-0.532303691715936,-1.69525322024349,1.73484626640687,1.73484626640687,0.724667292394449,-1.69525322024349,1.19858400405337,2.15570065418694,-0.129360024495608,-0.532303691715936,1.4764317008488,-1.69525322024349,0.701643449309735,-3.23569227301291,1.64765706953728,0.653480629108759,-1.66896703251394,0.653480629108759,1.30815501703317,1.73484626640687,-3.23569227301291,-3.23569227301291,0.588695722908013,-0.129360024495608,-0.129360024495608,5.84155956694795,-1.66896703251394,1.19858400405337,0.243417731606669,1.4764317008488,2.15570065418694,1.08277895180567,1.4764317008488,1.30815501703317,0.653480629108759,-1.69525322024349,-0.129360024495608,2.21431482268073,0.243417731606669,1.73484626640687,2.21431482268073,0.701643449309735,1.07881667370188,1.95462212074999,-3.23569227301291,1.4764317008488,1.57112838280114,0.724667292394449,2.21431482268073,1.57112838280114,-1.66896703251394,-1.69525322024349,-0.532303691715936,1.64765706953728,5.27033330476244,0.653480629108759,0.653480629108759,1.64765706953728,0.701643449309735,2.15570065418694,-0.532303691715936,-0.129360024495608,3.90395532486615,-3.23569227301291,3.76671862520163,0.653480629108759,5.84155956694795,1.30815501703317,2.21431482268073,1.4764317008488,0.724667292394449,1.57112838280114,1.07881667370188,3.90395532486615,-0.129360024495608,1.57112838280114,2.15570065418694,2.15570065418694,3.76671862520163,-0.532303691715936,-1.69525322024349,0.243417731606669,1.07881667370188,1.4764317008488,1.57112838280114,1.73484626640687,1.30815501703317,0.588695722908013,1.08277895180567,5.27033330476244,3.76671862520163,2.15570065418694,3.90395532486615
"11",-0.472055199730233,-2.85573083407662,-0.500181854748915,-5.75596715858004,-4.03991420542482,-4.57594441036198,-3.41785206563746,3.60693827560164,-3.75333055248549,-0.500181854748915,-1.14790713894652,-2.46434277526522,-1.46146234737743,-3.11600423802336,-0.472055199730233,-5.27780274742684,-0.472055199730233,-1.51030335058182,8.26134660370947,-1.14790713894652,-0.472055199730233,-6.16249544200661,-2.46434277526522,-2.85573083407662,-3.75333055248549,-5.75596715858004,-5.75596715858004,-3.75333055248549,-4.03991420542482,-5.27780274742684,-1.92286949653488,-0.472055199730233,-1.14790713894652,8.26134660370947,-0.620191613125826,-4.03991420542482,-0.472055199730233,-2.62722243713756,-0.514481502904994,-1.92286949653488,-6.16249544200661,-0.620191613125826,-5.27780274742684,-2.46434277526522,-3.41785206563746,-3.75333055248549,-1.46146234737743,-2.8083853067094,-6.16249544200661,8.26134660370947,-1.46146234737743,-3.11600423802336,-0.500181854748915,-1.51030335058182,-2.62722243713756,-3.11600423802336,-6.16249544200661,-5.27780274742684,-5.27780274742684,-5.75596715858004,-1.92286949653488,-2.8083853067094,-2.71200477787532,-1.14790713894652,3.79582222190357,3.79582222190357,-2.8083853067094,-1.92286949653488,-3.11600423802336,-0.472055199730233,-2.71200477787532,-1.92286949653488,-2.62722243713756,-2.62722243713756,-0.500181854748915,-6.16249544200661,-4.57594441036198,8.26134660370947,-3.75333055248549,-2.46434277526522,-0.620191613125826,8.26134660370947,-5.75596715858004,-2.71200477787532,-2.85573083407662,8.26134660370947,3.60693827560164,-1.14790713894652,-2.46434277526522,-0.500181854748915,-4.57594441036198,3.79582222190357,-2.71200477787532,3.60693827560164,-5.75596715858004,-0.514481502904994,-2.62722243713756,-1.51030335058182,-0.620191613125826,-1.51030335058182
"12",7.38199582060006,8.0465284516505,5.04740143756991,9.36174592307083,8.71714802317011,8.86414770861337,5.0981270402272,4.52127553200135,6.6696519787173,-3.10765648157718,6.70632360937788,10.5573239195222,6.62521265418463,7.87176398307615,5.04740143756991,7.38199582060006,8.00921309745899,0.27502243047788,3.44940011844147,8.24954260420898,0.27502243047788,8.50116484113051,8.24954260420898,5.29846432534266,8.0465284516505,3.44940011844147,7.92739770348312,8.0465284516505,6.00531862075954,10.5573239195222,7.38199582060006,7.38199582060006,5.29846432534266,2.45937019793134,7.92739770348312,8.22858632917373,2.45937019793134,8.22858632917373,8.86414770861337,3.44940011844147,7.87176398307615,2.45937019793134,5.04740143756991,7.38199582060006,8.86414770861337,8.22858632917373,6.62521265418463,5.0981270402272,7.87176398307615,2.45937019793134,6.62521265418463,2.45937019793134,6.00531862075954,4.52127553200135,0.27502243047788,6.6696519787173,10.2056115954654,5.0981270402272,8.24954260420898,6.70632360937788,-3.10765648157718,9.36174592307083,-3.10765648157718,6.00531862075954,3.44940011844147,8.0465284516505,2.45937019793134,8.24954260420898,7.38199582060006,8.86414770861337,8.22858632917373,8.86414770861337,8.24954260420898,0.27502243047788,8.71714802317011,3.44940011844147,9.36174592307083,8.00921309745899,9.36174592307083,10.2056115954654,5.29846432534266,7.38199582060006,3.44940011844147,8.86414770861337,10.5573239195222,5.0981270402272,8.71714802317011,8.86414770861337,5.0981270402272,3.44940011844147,5.0981270402272,2.45937019793134,8.22858632917373,8.86414770861337,4.52127553200135,0.27502243047788,3.44940011844147,10.5573239195222,7.92739770348312,6.70632360937788
"13",32.7255007180614,30.959438717182,366.740372234066,30.959438717182,366.740372234066,32.7255007180614,30.959438717182,30.959438717182,0.0679461372851402,366.740372234066,7.34380007700485,21.1382201722243,366.740372234066,39.1183010226856,39.1183010226856,29.6923960917223,24.655064804434,11.0080588575989,65.8704829628704,39.1183010226856,66.5185189209733,65.8704829628704,18.4993168560219,24.655064804434,65.8704829628704,22.6938856539178,66.5185189209733,66.5185189209733,366.740372234066,29.6923960917223,19.7385913102996,35.5695395694597,19.7385913102996,22.6938856539178,35.5695395694597,33.6467230239445,55.9370027455886,33.6467230239445,24.3229632812245,32.7255007180614,7.34380007700485,30.959438717182,29.6923960917223,0.0679461372851402,22.6938856539178,33.6467230239445,18.4993168560219,20.3338852898931,24.3229632812245,53.9468260035736,29.6923960917223,24.655064804434,53.9468260035736,11.0080588575989,21.1382201722243,53.9468260035736,18.4993168560219,20.3338852898931,32.7255007180614,39.1183010226856,46.985437898968,366.740372234066,22.6938856539178,30.959438717182,22.6938856539178,22.6938856539178,32.7255007180614,29.6923960917223,0.0679461372851402,71.1306962986165,33.6467230239445,53.9468260035736,24.655064804434,24.3229632812245,35.5695395694597,66.5185189209733,46.985437898968,21.1382201722243,25.9329841123327,66.5185189209733,39.1183010226856,30.959438717182,29.6923960917223,55.9370027455886,19.7385913102996,29.6923960917223,9.36256512584408,20.3338852898931,65.8704829628704,35.5695395694597,19.7385913102996,53.9468260035736,33.6467230239445,39.1183010226856,20.3338852898931,19.7385913102996,55.9370027455886,11.0080588575989,35.5695395694597,11.0080588575989
"14",-0.726589275359778,-1.53528802379301,-4.27335304746262,-2.04544021109542,4.46687747792282,-0.117167856459658,-4.27335304746262,2.21061141926346,4.46687747792282,4.65838137027661,-1.0824508608931,8.7497904739667,-2.44446960217494,-1.33359325609563,-1.33359325609563,-2.44446960217494,-0.726589275359778,-3.2980035216481,4.99214876515071,-1.33359325609563,4.46687747792282,2.21061141926346,4.46687747792282,4.65838137027661,4.46687747792282,4.65838137027661,-4.27335304746262,-8.63426263185803,4.65838137027661,-2.04544021109542,-1.53528802379301,4.99214876515071,1.28761464751622,2.21061141926346,2.21061141926346,-2.07475471208689,-0.726589275359778,-0.726589275359778,-2.44446960217494,-1.33359325609563,-4.76930675068906,4.46687747792282,4.46687747792282,-4.27335304746262,8.7497904739667,-2.44446960217494,1.28761464751622,-8.63426263185803,1.28761464751622,-2.58295353490624,-6.39105236092154,-4.27335304746262,-2.58295353490624,1.28761464751622,-0.527720263883118,-2.58295353490624,2.21061141926346,-2.07475471208689,-0.889375120034849,-1.0824508608931,-0.527720263883118,-1.38522162676018,-2.44312171826344,4.99214876515071,-0.889375120034849,-8.63426263185803,-1.38522162676018,-3.2980035216481,-0.889375120034849,-1.53528802379301,-2.44312171826344,-2.58295353490624,4.99214876515071,-4.76930675068906,-8.63426263185803,4.99214876515071,-1.38522162676018,-0.726589275359778,-2.44446960217494,-4.76930675068906,-0.117167856459658,-2.44446960217494,2.21061141926346,-2.44312171826344,2.21061141926346,-0.117167856459658,8.7497904739667,-8.63426263185803,-1.53528802379301,-8.63426263185803,4.65838137027661,-2.58295353490624,-2.44312171826344,1.28761464751622,-2.04544021109542,-4.27335304746262,-1.53528802379301,1.63505289101157,4.46687747792282,-1.0824508608931
"15",11.2232342992013,7.12278016527412,5.7287542277608,6.79310724127346,7.1641066077211,7.4189612787182,7.4189612787182,8.86806876294237,5.40407535916806,5.74813458717766,5.40407535916806,8.86806876294237,5.74813458717766,6.30651755442257,8.86806876294237,5.40407535916806,9.21367530453359,8.06715786178911,8.30330569761741,9.40383870941442,7.4189612787182,7.12043589081101,7.51115874588689,6.93119709463721,9.40383870941442,8.86806876294237,7.36634578930954,7.4189612787182,7.4189612787182,5.40407535916806,7.06642461218184,7.12043589081101,6.93119709463721,6.79310724127346,8.30330569761741,5.7287542277608,6.85754455719543,8.30330569761741,6.09727177322761,7.06642461218184,8.30330569761741,8.86806876294237,6.85754455719543,7.1641066077211,5.40407535916806,8.86806876294237,7.51115874588689,5.74813458717766,9.40383870941442,6.85754455719543,6.79310724127346,7.4189612787182,6.79310724127346,6.79310724127346,6.30651755442257,6.91192738113034,7.51115874588689,7.12278016527412,7.14378062363387,6.09727177322761,7.06642461218184,6.79310724127346,9.21367530453359,9.40383870941442,7.14378062363387,6.79310724127346,6.91192738113034,7.06642461218184,7.14378062363387,7.36634578930954,7.4189612787182,7.06642461218184,9.7684582024987,8.06715786178911,5.40407535916806,6.79310724127346,6.91192738113034,5.74813458717766,5.7287542277608,6.79310724127346,6.93119709463721,6.30651755442257,7.1641066077211,7.36634578930954,9.40383870941442,7.12043589081101,8.06715786178911,9.7684582024987,1.32543676128665,6.09727177322761,1.32543676128665,8.86806876294237,8.06715786178911,7.12278016527412,5.40407535916806,9.7684582024987,9.21367530453359,11.2232342992013,6.30651755442257,9.40383870941442
"16",2.27085688969178,3.1515822878892,3.9091019031929,7.33900235941419,1.0151366592316,3.57843429365047,2.52989400305142,3.66072088817873,5.34907562265889,1.94741258451255,4.59821549697984,2.23595428357079,3.1515822878892,3.46063898032987,5.34907562265889,2.52989400305142,2.27085688969178,3.46063898032987,5.34907562265889,2.59786564235923,2.67115678791312,4.59821549697984,2.23595428357079,3.1515822878892,2.67115678791312,2.50606338040339,6.4046270058058,3.62098434887876,3.74742751928873,3.57843429365047,4.59821549697984,4.09579376634011,2.59786564235923,2.50606338040339,3.28091823616901,3.28091823616901,2.27085688969178,2.27085688969178,2.85050957121957,3.62098434887876,3.46063898032987,2.85050957121957,4.09579376634011,2.23595428357079,2.50606338040339,4.59821549697984,2.8199065605986,2.52989400305142,4.59821549697984,2.85050957121957,1.94741258451255,7.33900235941419,3.74742751928873,3.46063898032987,3.28091823616901,3.28091823616901,4.59821549697984,2.67115678791312,4.59821549697984,7.33900235941419,4.59821549697984,2.56072553817133,2.50606338040339,3.74742751928873,2.50606338040339,2.50606338040339,2.85050957121957,7.33900235941419,3.28091823616901,3.57843429365047,2.85050957121957,3.9091019031929,5.22337785822738,2.52989400305142,3.28091823616901,3.28091823616901,5.34907562265889,2.27085688969178,3.46063898032987,2.23595428357079,4.09579376634011,2.8199065605986,4.09579376634011,2.52989400305142,3.28091823616901,3.9091019031929,1.0151366592316,5.22337785822738,2.23595428357079,7.33900235941419,6.4046270058058,4.09579376634011,2.85050957121957,1.94741258451255,3.28091823616901,5.22337785822738,4.59821549697984,3.9091019031929,2.59786564235923,5.34907562265889
"17",-1.47114662401241,-4.71633533907708,-1.47114662401241,-4.71633533907708,-3.35450140852695,-0.998117990503492,-4.71633533907708,-4.71633533907708,-2.57726857176398,-0.7028271222584,-4.76306767221803,-1.47114662401241,-0.7028271222584,-3.33263714812747,-2.37922939838345,-3.28416571318604,-1.75199700263712,-3.35450140852695,-1.75199700263712,-1.56475466209073,3.43920097114902,-1.35173738498282,-1.47114662401241,-1.4094144391225,-4.76306767221803,-1.08442062748616,-1.43793564180725,-2.1968597171244,-1.47114662401241,-3.28416571318604,-2.17008209416238,-2.37922939838345,-1.855182418798,-2.19985775974879,-1.43793564180725,-2.56968201808119,-2.33010710005376,-0.828606325705108,-2.40216013580032,-2.1968597171244,-2.33010710005376,-4.71633533907708,-3.28416571318604,-1.47114662401241,-2.40216013580032,-2.56968201808119,-1.855182418798,-0.7028271222584,-1.855182418798,-2.40216013580032,-0.998117990503492,-1.47114662401241,-1.08442062748616,-1.855182418798,-3.35450140852695,-2.40216013580032,-0.998117990503492,-3.28416571318604,-3.28416571318604,3.43920097114902,-2.40216013580032,-2.57726857176398,3.43920097114902,-4.71633533907708,-1.47114662401241,-2.33010710005376,-4.76306767221803,-3.35450140852695,-2.40216013580032,-2.37922939838345,3.43920097114902,-1.56475466209073,-2.33010710005376,-0.998117990503492,-1.35173738498282,-1.56475466209073,-2.40216013580032,-0.7028271222584,-3.33263714812747,3.43920097114902,-2.33010710005376,-4.71633533907708,-1.08442062748616,3.43920097114902,-3.33263714812747,-1.47114662401241,-2.19985775974879,-1.08442062748616,-2.56968201808119,3.43920097114902,-2.19985775974879,3.43920097114902,-2.19985775974879,-1.855182418798,-0.998117990503492,-1.47114662401241,-2.37922939838345,3.43920097114902,-1.43793564180725,-2.40216013580032
"18",11.3117014481701,10.2159853557023,9.76808319157675,12.0011975564825,11.3864902874899,10.2522842391167,11.5339948477644,10.2159853557023,11.7311624394986,10.32020523515,10.8146993488326,10.9333832275827,11.5776546806866,8.66603065687577,10.9333832275827,10.2159853557023,10.9333832275827,10.1415110323708,12.2511893975504,11.3864902874899,10.1415110323708,9.60031666405866,10.9333832275827,10.32020523515,8.66603065687577,10.32020523515,8.66603065687577,8.66603065687577,10.32020523515,11.3117014481701,10.9333832275827,11.0084209061941,11.5339948477644,12.2511893975504,11.0084209061941,9.76808319157675,11.3401733699257,11.0101087542848,10.1321236813734,10.5868175950522,10.8146993488326,10.9333832275827,10.5868175950522,10.2159853557023,10.5868175950522,10.5868175950522,8.20045422667545,11.7311624394986,11.3864902874899,12.2511893975504,10.3572188901916,12.0011975564825,10.3572188901916,8.20045422667545,10.1415110323708,11.5776546806866,10.3572188901916,10.3572188901916,11.5339948477644,12.0011975564825,10.2522842391167,11.5776546806866,10.0957349673775,11.0101087542848,11.5776546806866,11.3864902874899,11.3117014481701,12.0011975564825,11.0101087542848,10.0957349673775,11.0101087542848,11.3401733699257,8.66603065687577,10.1415110323708,9.60031666405866,11.0101087542848,11.0084209061941,12.2511893975504,9.76808319157675,11.3117014481701,10.2159853557023,12.2511893975504,11.5339948477644,11.7311624394986,11.5339948477644,12.2511893975504,10.3572188901916,10.3572188901916,10.9333832275827,12.0011975564825,10.32020523515,11.0101087542848,10.2522842391167,11.0101087542848,11.5776546806866,10.1415110323708,10.9333832275827,11.0101087542848,9.5639192879851,11.3117014481701
"19",-3.67254274025867,-3.92753792149099,-5.3861287661889,-3.67254274025867,-4.47462249019756,-0.284915943560558,-2.0190509087398,-0.969896013317572,-4.12069953442207,-2.0190509087398,-5.05906960239617,0.853800216657296,-5.80385368132195,-6.30336531071445,0.963133271796526,-5.80385368132195,-2.97835236819017,-3.67254274025867,-0.833386127187957,-2.82781945939806,-1.99174897133348,-0.833386127187957,-2.0190509087398,-3.92753792149099,-0.833386127187957,-3.64672174240776,-6.16137603398022,-2.97835236819017,-1.90703440911202,-0.284915943560558,-3.30164424877171,-3.30164424877171,0.265840179108286,-1.05792142841207,-6.30336531071445,-3.64672174240776,-3.30164424877171,-8.52864699687489,-5.80385368132195,0.963133271796526,-3.67254274025867,-3.64672174240776,-1.90703440911202,-3.64672174240776,-3.30164424877171,-5.80385368132195,-1.05792142841207,-1.90703440911202,-5.05906960239617,0.963133271796526,-2.0190509087398,-1.90703440911202,-5.3861287661889,-0.284915943560558,-5.3861287661889,-0.144026643693214,-0.144026643693214,-1.05792142841207,-5.05906960239617,-1.90703440911202,-5.3861287661889,-4.12069953442207,-3.67254274025867,-8.52864699687489,-1.90703440911202,-3.67254274025867,-5.3861287661889,-2.0190509087398,-8.52864699687489,-6.16137603398022,-8.52864699687489,-2.97835236819017,0.853800216657296,0.963133271796526,-4.47462249019756,-8.52864699687489,-3.67254274025867,0.963133271796526,-5.80385368132195,0.853800216657296,-3.30164424877171,-5.80385368132195,0.853800216657296,-6.16137603398022,-3.92753792149099,-3.67254274025867,-4.47462249019756,0.963133271796526,-0.833386127187957,-2.97835236819017,-1.05792142841207,-8.52864699687489,0.853800216657296,-8.52864699687489,-0.144026643693214,-1.99174897133348,-3.64672174240776,-8.52864699687489,-2.97835236819017,-0.144026643693214
"20",3.97401534571391,9.28518757535987,3.3124241918285,4.34123496269167,1.45927740689796,7.52844196351303,0.695748942986608,3.85495215844892,3.53199624785618,1.82166766387524,3.31024582091969,3.19312305868911,2.73458994118939,3.50791759342919,3.50791759342919,0.695748942986608,5.40427075572929,1.45927740689796,3.19312305868911,3.50791759342919,9.28518757535987,2.73458994118939,2.63144946017116,7.00541959405695,2.63144946017116,4.34123496269167,4.34123496269167,7.00541959405695,3.19312305868911,9.4463362883572,3.53199624785618,2.53541325174702,2.73458994118939,1.85034579746598,2.53541325174702,1.85034579746598,3.85495215844892,1.95994908343163,9.28518757535987,3.50791759342919,1.82166766387524,3.97401534571391,2.73458994118939,1.85034579746598,3.97401534571391,0.854618923537538,9.4463362883572,0.695748942986608,3.31024582091969,1.95994908343163,0.854618923537538,3.3124241918285,7.00541959405695,1.85034579746598,1.45927740689796,1.82166766387524,4.40059214085017,2.73458994118939,3.31024582091969,4.34123496269167,7.52844196351303,6.14464081162719,5.40427075572929,2.73458994118939,9.4463362883572,3.3124241918285,3.85495215844892,1.45927740689796,0.854618923537538,6.29137062956781,1.85034579746598,6.14464081162719,6.14464081162719,0.695748942986608,2.53541325174702,3.53199624785618,2.63144946017116,9.4463362883572,3.3124241918285,4.40059214085017,6.29137062956781,2.73458994118939,4.34123496269167,0.695748942986608,7.00541959405695,7.00541959405695,9.4463362883572,9.28518757535987,2.73458994118939,2.53541325174702,2.63144946017116,0.854618923537538,7.52844196351303,2.63144946017116,4.34123496269167,2.63144946017116,5.40427075572929,1.82166766387524,2.53541325174702,6.29137062956781
"21",-5.58902443802104,-9.68695159665688,-8.34223632844462,-8.29970223424878,-6.43615748012626,-9.68695159665688,-9.13992223513687,-11.6483453872392,-8.8282653576499,-9.13992223513687,-7.5362838716751,-11.6483453872392,-5.3437318425937,-6.53345753041578,-11.6483453872392,-7.81493123741395,-8.6414568942656,-8.33825126256269,-8.33825126256269,-7.5362838716751,-7.81493123741395,-5.3437318425937,-9.13992223513687,-8.6414568942656,-9.91010652766311,-11.6483453872392,-7.34882804334483,-8.19549119358801,-8.34223632844462,-5.58902443802104,-8.93788997044189,-8.66773165306711,-7.5362838716751,-9.27082453759146,-6.53345753041578,-9.27082453759146,-8.33825126256269,-5.3437318425937,-8.66773165306711,-9.91010652766311,-8.29970223424878,-11.6483453872392,-1.37029027466099,-9.27082453759146,-5.3437318425937,-11.6483453872392,-7.81493123741395,-9.91010652766311,-8.66773165306711,-5.3437318425937,-9.13992223513687,-8.6414568942656,-6.53345753041578,-9.27082453759146,-8.14981435161257,-8.8282653576499,-9.04917860499547,-7.34882804334483,-8.34223632844462,-6.53345753041578,-8.14981435161257,-13.590270591478,-8.66773165306711,-7.5362838716751,-9.04917860499547,-8.19549119358801,-5.58902443802104,-9.13992223513687,-9.91010652766311,-9.91010652766311,-9.27082453759146,-9.04917860499547,-8.6414568942656,-5.3437318425937,-8.34223632844462,-11.5396905395249,-7.81493123741395,-9.68695159665688,-1.37029027466099,-5.58902443802104,-6.53345753041578,-8.29970223424878,-8.19549119358801,-5.3437318425937,-9.91010652766311,-8.29970223424878,-6.43615748012626,-7.5362838716751,-11.5396905395249,-8.66773165306711,-8.29970223424878,-11.6483453872392,-6.53345753041578,-8.66773165306711,-7.34882804334483,-5.3437318425937,-13.590270591478,-11.5396905395249,-9.04917860499547,-5.58902443802104
"22",-23.4113247992816,-23.4180052895698,-25.7764858596377,-23.3033787195671,-27.3125414102999,-19.110219942525,-21.9997322952324,-26.9157954612055,-27.3125414102999,-28.9987479738952,-16.6865534252369,-21.2332055238773,-19.7149091921114,-25.7764858596377,-23.4113247992816,-25.7764858596377,-20.3933783388574,-19.5146037095897,-21.9997322952324,-24.0519844382311,-27.3125414102999,-19.7149091921114,-27.3125414102999,-25.2001296017254,-27.3125414102999,-10.2761335057114,-22.2251208927235,-25.2001296017254,-21.9997322952324,-19.110219942525,-16.6865534252369,3.09867251477789,-22.2251208927235,-31.1418386038868,3.09867251477789,-28.4195451214162,-19.6454976619906,-19.7149091921114,-21.1495751019581,-23.4113247992816,-19.6454976619906,-27.3125414102999,-27.3125414102999,-23.4113247992816,-19.7149091921114,-21.8867017512819,-21.2332055238773,-22.2885118317983,-21.2332055238773,-19.7149091921114,-31.1418386038868,-20.3933783388574,-25.2001296017254,-23.4180052895698,-21.8867017512819,-20.3933783388574,-23.4180052895698,-22.2885118317983,-28.4195451214162,-21.1495751019581,-28.9987479738952,-23.3033787195671,-28.9987479738952,-23.3033787195671,-21.2332055238773,-19.6454976619906,-28.4195451214162,-16.6865534252369,-21.9997322952324,-19.110219942525,-25.7764858596377,-23.4113247992816,-19.6454976619906,-19.7149091921114,-16.6865534252369,-21.9997322952324,3.09867251477789,-23.4113247992816,-23.4180052895698,-10.2761335057114,-19.6454976619906,-10.2761335057114,-23.4180052895698,-19.7149091921114,-25.2001296017254,-25.2001296017254,-26.9157954612055,-22.2885118317983,-21.2332055238773,-21.1495751019581,-28.4195451214162,-23.4180052895698,-10.2761335057114,-26.9157954612055,-22.2885118317983,-19.7149091921114,-28.4195451214162,-19.5146037095897,-27.3125414102999,-16.6865534252369
"23",2.02998242271598,1.67703360208833,2.02998242271598,3.62674079427144,0.218288866598195,-0.908674678743445,-1.14179313316755,1.07387855359589,-0.908674678743445,3.10643998508968,3.10643998508968,2.02998242271598,2.16363430113821,-0.908674678743445,4.24278507090984,0.218288866598195,0.218288866598195,1.01650252076447,2.7489628482677,-0.0734165739383876,1.81085936384227,2.16363430113821,2.02998242271598,-0.0734165739383876,1.67703360208833,2.12133776632602,3.10643998508968,1.67703360208833,2.02998242271598,1.07387855359589,0.34308929281948,-0.146651506277316,2.16363430113821,2.00500236434849,2.7489628482677,3.4361187290228,2.50381440601425,2.7489628482677,-0.146651506277316,4.24278507090984,2.7489628482677,1.07387855359589,2.16363430113821,2.02998242271598,-1.14179313316755,1.07387855359589,3.10643998508968,2.12133776632602,-0.146651506277316,4.24278507090984,2.12133776632602,2.02998242271598,0.34308929281948,2.81276523160706,-1.14179313316755,-0.908674678743445,2.09161732871341,2.16363430113821,3.4361187290228,1.81085936384227,2.97777782550575,1.78509638098451,-0.146651506277316,2.16363430113821,2.02998242271598,1.67703360208833,3.4361187290228,1.01650252076447,0.218288866598195,2.09161732871341,3.62674079427144,2.50381440601425,-0.908674678743445,4.24278507090984,2.09161732871341,3.62674079427144,2.97777782550575,4.24278507090984,-1.14179313316755,2.81276523160706,2.09161732871341,2.16363430113821,2.81276523160706,3.62674079427144,1.81085936384227,2.02998242271598,2.12133776632602,4.24278507090984,2.16363430113821,-0.146651506277316,3.4361187290228,1.81085936384227,3.10643998508968,-0.146651506277316,0.218288866598195,2.02998242271598,3.4361187290228,2.81276523160706,2.12133776632602,0.34308929281948
"24",1.17488544395545,4.00349578235262,-1.0165537185165,4.02310429576748,2.55317458000578,-2.31450631120186,2.20299815970863,2.60021553158695,2.08178128044274,1.17488544395545,-0.0826574464232057,0.193598848552217,-0.570593039673393,-1.0165537185165,2.20622413332621,2.8448067955314,0.194733121838044,-0.570593039673393,0.895634127277176,2.43693589264722,1.08713327680544,-0.0826574464232057,4.00349578235262,1.17488544395545,3.78569474295709,0.618176888068736,0.910422707201973,1.17488544395545,2.55317458000578,2.8448067955314,-0.0826574464232057,0.895634127277176,0.910422707201973,1.26181487331293,-0.570593039673393,2.55317458000578,2.08178128044274,3.58943429870942,-0.570593039673393,3.78569474295709,0.618176888068736,4.00349578235262,2.8448067955314,0.194733121838044,2.20299815970863,-0.0826574464232057,1.26181487331293,3.78569474295709,-0.0826574464232057,3.58943429870942,2.8448067955314,-2.31450631120186,-1.0165537185165,2.60021553158695,2.20299815970863,1.1271392470681,-0.0826574464232057,1.26181487331293,-0.0826574464232057,1.08713327680544,-0.0826574464232057,1.17488544395545,1.08713327680544,0.895634127277176,-2.31450631120186,4.00349578235262,1.1271392470681,2.8448067955314,3.78569474295709,3.78569474295709,1.08713327680544,0.193598848552217,0.895634127277176,2.08178128044274,0.618176888068736,0.895634127277176,1.1271392470681,4.02310429576748,2.20299815970863,1.08713327680544,0.193598848552217,2.20622413332621,2.8448067955314,1.08713327680544,3.78569474295709,2.8448067955314,2.43693589264722,-0.570593039673393,4.00349578235262,1.08713327680544,1.26181487331293,1.08713327680544,0.194733121838044,0.618176888068736,2.60021553158695,2.20622413332621,-0.0826574464232057,1.08713327680544,1.19566119410505,2.20622413332621
"25",7.96892470644098,5.13676320499508,5.34420455809285,-3.28098765249111,-2.56604856708244,6.99049293960299,4.17100285605356,2.01388401086542,2.30822722134071,1.21783227933985,0.158814167397959,1.21783227933985,5.13676320499508,-0.776077436411946,-0.776077436411946,-2.56604856708244,-3.1892760007873,2.15779810053025,2.15779810053025,-0.776077436411946,0.158814167397959,3.26146519670982,5.49462296279158,5.13676320499508,5.49462296279158,1.50929339775718,2.15779810053025,1.50929339775718,1.50929339775718,6.99049293960299,2.30822722134071,1.21783227933985,4.17100285605356,2.30822722134071,2.7712458388239,2.6753763197734,2.15779810053025,-2.56604856708244,3.43039181779642,-2.56604856708244,2.01388401086542,5.49462296279158,2.7712458388239,-3.1892760007873,3.43039181779642,2.33668647071292,2.15779810053025,3.56957461566356,0.451632381452056,3.43039181779642,-2.56604856708244,5.34420455809285,0.158814167397959,6.99049293960299,2.33668647071292,3.43039181779642,-2.03756989628661,2.6753763197734,4.17100285605356,-0.776077436411946,3.43039181779642,3.56957461566356,5.49462296279158,5.49462296279158,-2.03756989628661,5.34420455809285,3.56957461566356,-2.56604856708244,3.43039181779642,0.158814167397959,-3.28098765249111,-2.03756989628661,5.49462296279158,0.158814167397959,2.7712458388239,-3.28098765249111,3.43039181779642,2.30822722134071,5.34420455809285,3.22760447100542,-0.776077436411946,2.30822722134071,4.17100285605356,-3.28098765249111,4.17100285605356,3.22760447100542,2.30822722134071,1.50929339775718,2.01388401086542,0.451632381452056,2.30822722134071,1.21783227933985,-3.1892760007873,-0.776077436411946,0.451632381452056,2.15779810053025,0.451632381452056,7.96892470644098,-2.03756989628661,3.43039181779642
"26",5.41967422827477,8.7281290715275,7.70734644575441,9.41339803916375,8.55848884589586,8.69147624509883,7.90495537255815,7.56127046022087,8.69147624509883,7.70734644575441,9.27074532876811,7.31294632581112,9.46222969208725,8.69147624509883,7.31294632581112,8.55848884589586,7.31294632581112,9.46222969208725,7.90495537255815,8.10015220739079,9.78378308537737,4.58201647665953,7.31294632581112,8.7281290715275,8.10015220739079,5.41967422827477,5.08301142794658,4.58201647665953,7.90495537255815,8.7281290715275,7.31294632581112,7.71640098385052,11.1427849991226,6.93908701509913,9.46222969208725,4.58201647665953,7.56127046022087,8.55848884589586,9.46222969208725,8.55848884589586,5.41967422827477,7.31294632581112,7.71640098385052,9.38853306629964,7.4255481194508,7.73610296147332,5.41967422827477,4.06118966716148,8.10015220739079,4.06118966716148,8.55848884589586,7.4255481194508,7.70734644575441,8.7281290715275,7.73610296147332,8.69147624509883,4.58201647665953,5.08301142794658,4.06118966716148,4.06118966716148,4.58201647665953,9.41339803916375,7.73610296147332,8.10015220739079,8.73707794136399,8.7281290715275,7.56127046022087,8.55848884589586,7.90495537255815,9.13206601656758,8.73707794136399,4.58201647665953,8.69147624509883,11.1427849991226,7.70734644575441,7.90495537255815,9.41339803916375,8.7281290715275,9.41339803916375,8.73707794136399,7.71640098385052,5.41967422827477,7.71640098385052,9.38853306629964,8.10015220739079,7.4255481194508,6.93908701509913,9.46222969208725,7.31294632581112,7.70734644575441,6.93908701509913,7.71640098385052,6.93908701509913,8.73707794136399,5.08301142794658,9.78378308537737,7.31294632581112,9.10155249846883,5.41967422827477,8.10015220739079
